Id,m,temp-3,temp-2,temp-1,tempA,chuva -1,chuvaA,bilro
1,2,24.82,25.81,26.04,25.24,67.3,166.3,1.27
2,3,25.81,26.04,25.24,25.5,166.3,92.6,1.81
3,4,26.04,25.24,25.5,25.18,92.6,157.7,4.61
4,5,25.24,25.5,25.18,23.24,157.7,124.5,3.98
5,6,25.5,25.18,23.24,22.1,124.5,168.2,3.8
6,7,25.18,23.24,22.1,19.99,168.2,218.5,1.98
7,8,23.24,22.1,19.99,20.95,218.5,31.9,0.82
8,9,22.1,19.99,20.95,21.8,31.9,136.6,0.62
