Id,m,temp-2,temp-1,tempA,temp+1,temp+2,chuvaA,bilro
1,2,25.81,26.04,25.24,25.5,25.18,166.3,1.27
2,3,26.04,25.24,25.5,25.18,23.24,92.6,1.81
3,4,25.24,25.5,25.18,23.24,22.1,157.7,4.61
4,5,25.5,25.18,23.24,22.1,19.99,124.5,3.98
5,6,25.18,23.24,22.1,19.99,20.95,168.2,3.8
6,7,23.24,22.1,19.99,20.95,21.8,218.5,1.98
7,8,22.1,19.99,20.95,21.8,23.1,31.9,0.82
8,9,19.99,20.95,21.8,23.1,23.3,136.6,0.62
